metric_type,date,category,raw_downloads,sanitized_downloads,rolling_7d_avg,rolling_30d_avg,daily_growth_pct,is_spike,confidence_score
daily,2025-07-04 00:00:00,downloads,5,5.0,5.0,5.0,0.0,False,0.9
daily,2025-07-04 00:00:00,downloads,1,1.0,3.0,3.0,-80.0,False,0.9
daily,2025-07-05 00:00:00,downloads,1,1.0,2.3333333333333335,2.3333333333333335,0.0,False,0.9
daily,2025-07-05 00:00:00,downloads,1,1.0,2.0,2.0,0.0,False,0.9
daily,2025-07-06 00:00:00,downloads,2,2.0,2.0,2.0,100.0,False,0.9
daily,2025-07-08 00:00:00,downloads,4,4.0,2.3333333333333335,2.3333333333333335,100.0,False,0.9
daily,2025-07-10 00:00:00,downloads,2,2.0,2.2857142857142856,2.2857142857142856,-50.0,False,0.9
daily,2025-07-10 00:00:00,downloads,2,2.0,1.8571428571428572,2.25,0.0,False,0.9
daily,2025-07-11 00:00:00,downloads,4,4.0,2.2857142857142856,2.4444444444444446,100.0,False,0.9
daily,2025-07-13 00:00:00,downloads,12,4.0,3.857142857142857,3.4,0.0,True,0.4
daily,2025-07-14 00:00:00,downloads,4,4.0,4.285714285714286,3.4545454545454546,0.0,False,0.9
daily,2025-07-16 00:00:00,downloads,8,8.0,5.142857142857143,3.8333333333333335,100.0,False,0.9
daily,2025-07-17 00:00:00,downloads,6,6.0,5.428571428571429,4.0,-25.0,False,0.9
daily,2025-07-18 00:00:00,downloads,2,2.0,5.428571428571429,3.857142857142857,-66.67,False,0.9
daily,2025-07-18 00:00:00,downloads,2,2.0,5.428571428571429,3.7333333333333334,0.0,False,0.9
daily,2025-07-22 00:00:00,downloads,1,1.0,5.0,3.5625,-50.0,False,0.9
daily,2025-07-22 00:00:00,downloads,1,1.0,3.4285714285714284,3.411764705882353,0.0,False,0.9
daily,2025-07-23 00:00:00,downloads,1,1.0,3.0,3.2777777777777777,0.0,False,0.9
daily,2025-07-23 00:00:00,downloads,1,1.0,2.0,3.1578947368421053,0.0,False,0.9
daily,2025-07-26 00:00:00,downloads,4,4.0,1.7142857142857142,3.2,300.0,False,0.9
daily,2025-07-27 00:00:00,downloads,8,3.0,2.5714285714285716,3.4285714285714284,-25.0,True,0.4
daily,2025-07-28 00:00:00,downloads,9,4.0,3.5714285714285716,3.6818181818181817,33.33,True,0.4
daily,2025-07-28 00:00:00,downloads,5,5.0,4.142857142857143,3.739130434782609,25.0,False,0.9
daily,2025-07-29 00:00:00,downloads,8,8.0,5.142857142857143,3.9166666666666665,60.0,False,0.9
daily,2025-07-30 00:00:00,downloads,125,23.0,22.857142857142858,8.76,187.5,True,0.4
daily,2025-07-30 00:00:00,downloads,255,59.0,59.142857142857146,18.23076923076923,156.52,True,0.4
daily,2025-07-31 00:00:00,downloads,116,116.0,75.14285714285714,21.85185185185185,96.61,False,0.9
daily,2025-07-31 00:00:00,downloads,39,39.0,79.57142857142857,22.464285714285715,-66.38,False,0.9
daily,2025-08-01 00:00:00,downloads,24,24.0,81.71428571428571,22.517241379310345,-38.46,False,0.9
daily,2025-08-02 00:00:00,downloads,14,14.0,83.0,22.233333333333334,-41.67,False,0.9
daily,2025-08-03 00:00:00,downloads,4,4.0,82.42857142857143,22.2,-71.43,False,0.9
daily,2025-08-04 00:00:00,downloads,8,8.0,65.71428571428571,22.433333333333334,100.0,False,0.9
daily,2025-08-04 00:00:00,downloads,24,24.0,32.714285714285715,23.2,200.0,False,0.9
daily,2025-08-05 00:00:00,downloads,2,2.0,16.428571428571427,23.233333333333334,-91.67,False,0.9
daily,2025-08-05 00:00:00,downloads,14,14.0,12.857142857142858,23.633333333333333,600.0,False,0.9
daily,2025-08-06 00:00:00,downloads,16,16.0,11.714285714285714,24.033333333333335,14.29,False,0.9
daily,2025-08-07 00:00:00,downloads,8,8.0,10.857142857142858,24.233333333333334,-50.0,False,0.9
daily,2025-08-07 00:00:00,downloads,16,16.0,12.571428571428571,24.7,100.0,False,0.9
daily,2025-08-08 00:00:00,downloads,16,16.0,13.714285714285714,25.1,0.0,False,0.9
daily,2025-08-09 00:00:00,downloads,6,6.0,11.142857142857142,24.9,-62.5,False,0.9
daily,2025-08-09 00:00:00,downloads,18,18.0,13.428571428571429,25.366666666666667,200.0,False,0.9
daily,2025-08-10 00:00:00,downloads,19,19.0,14.142857142857142,25.733333333333334,5.56,False,0.9
daily,2025-08-10 00:00:00,downloads,3,3.0,12.285714285714286,25.633333333333333,-84.21,False,0.9
daily,2025-08-11 00:00:00,downloads,1,1.0,11.285714285714286,25.6,-66.67,False,0.9
daily,2025-08-11 00:00:00,downloads,9,9.0,10.285714285714286,25.833333333333332,800.0,False,0.9
daily,2025-08-12 00:00:00,downloads,3,3.0,8.428571428571429,25.9,-66.67,False,0.9
daily,2025-08-13 00:00:00,downloads,6,6.0,8.428571428571429,26.066666666666666,100.0,False,0.9
daily,2025-08-13 00:00:00,downloads,35,11.0,10.857142857142858,27.2,83.33,True,0.4
daily,2025-08-14 00:00:00,downloads,12,12.0,9.857142857142858,27.566666666666666,9.09,False,0.9
daily,2025-08-16 00:00:00,downloads,162,33.0,32.57142857142857,32.833333333333336,175.0,True,0.4
daily,2025-08-16 00:00:00,downloads,75,75.0,43.142857142857146,35.06666666666667,127.27,False,0.9
daily,2025-08-17 00:00:00,downloads,56,56.0,49.857142857142854,36.63333333333333,-25.33,False,0.9
daily,2025-08-17 00:00:00,downloads,15,15.0,51.57142857142857,36.96666666666667,-73.21,False,0.9
daily,2025-08-18 00:00:00,downloads,29,29.0,54.857142857142854,37.666666666666664,93.33,False,0.9
daily,2025-08-18 00:00:00,downloads,5,5.0,50.57142857142857,33.666666666666664,-82.76,False,0.9
daily,2025-08-19 00:00:00,downloads,2,2.0,49.142857142857146,25.233333333333334,-60.0,False,0.9
daily,2025-08-19 00:00:00,downloads,26,26.0,29.714285714285715,22.233333333333334,1200.0,False,0.9
daily,2025-08-20 00:00:00,downloads,13,13.0,20.857142857142858,21.366666666666667,-50.0,False,0.9
daily,2025-08-21 00:00:00,downloads,2,2.0,13.142857142857142,20.633333333333333,-84.62,False,0.9
daily,2025-08-21 00:00:00,downloads,28,28.0,15.0,21.1,1300.0,False,0.9
daily,2025-08-22 00:00:00,downloads,1,1.0,11.0,21.0,-96.43,False,0.9
daily,2025-08-22 00:00:00,downloads,47,17.0,17.0,22.3,1600.0,True,0.4
daily,2025-08-23 00:00:00,downloads,14,14.0,18.714285714285715,21.966666666666665,-17.65,False,0.9
daily,2025-08-24 00:00:00,downloads,1,1.0,15.142857142857142,21.933333333333334,-92.86,False,0.9
daily,2025-08-24 00:00:00,downloads,23,23.0,16.571428571428573,22.233333333333334,2200.0,False,0.9
daily,2025-08-25 00:00:00,downloads,1,1.0,16.428571428571427,21.733333333333334,-95.65,False,0.9
daily,2025-08-26 00:00:00,downloads,2,2.0,12.714285714285714,21.533333333333335,100.0,False,0.9
daily,2025-08-27 00:00:00,downloads,11,11.0,14.142857142857142,21.366666666666667,450.0,False,0.9
daily,2025-08-27 00:00:00,downloads,5,5.0,8.142857142857142,21.0,-54.55,False,0.9
daily,2025-08-28 00:00:00,downloads,4,4.0,6.714285714285714,20.933333333333334,-20.0,False,0.9
daily,2025-08-28 00:00:00,downloads,14,14.0,8.571428571428571,20.8,250.0,False,0.9
daily,2025-08-29 00:00:00,downloads,10,10.0,6.714285714285714,20.5,-28.57,False,0.9
daily,2025-08-31 00:00:00,downloads,2,2.0,6.857142857142857,20.466666666666665,-80.0,False,0.9
daily,2025-08-31 00:00:00,downloads,14,14.0,8.571428571428571,20.9,600.0,False,0.9
daily,2025-09-01 00:00:00,downloads,8,8.0,8.142857142857142,20.866666666666667,-42.86,False,0.9
daily,2025-09-01 00:00:00,downloads,21,21.0,10.428571428571429,21.466666666666665,162.5,False,0.9
daily,2025-09-02 00:00:00,downloads,2,2.0,10.142857142857142,21.333333333333332,-90.48,False,0.9
daily,2025-09-02 00:00:00,downloads,3,3.0,8.571428571428571,20.266666666666666,50.0,False,0.9
daily,2025-09-04 00:00:00,downloads,1,1.0,7.285714285714286,19.9,-66.67,False,0.9
daily,2025-09-05 00:00:00,downloads,17,17.0,9.428571428571429,15.066666666666666,1600.0,False,0.9
daily,2025-09-06 00:00:00,downloads,21,21.0,10.428571428571429,13.266666666666667,23.53,False,0.9
daily,2025-09-06 00:00:00,downloads,1,1.0,9.428571428571429,11.433333333333334,-95.24,False,0.9
daily,2025-09-07 00:00:00,downloads,3,3.0,6.857142857142857,11.033333333333333,200.0,False,0.9
daily,2025-09-07 00:00:00,downloads,7,7.0,7.571428571428571,10.3,133.33,False,0.9
daily,2025-09-08 00:00:00,downloads,2,2.0,7.428571428571429,10.2,-71.43,False,0.9
daily,2025-09-09 00:00:00,downloads,9,9.0,8.571428571428571,10.433333333333334,350.0,False,0.9
daily,2025-09-10 00:00:00,downloads,31,11.0,10.571428571428571,10.6,22.22,True,0.4
daily,2025-09-10 00:00:00,downloads,11,11.0,9.142857142857142,10.533333333333333,0.0,False,0.9
daily,2025-09-11 00:00:00,downloads,3,3.0,9.428571428571429,10.566666666666666,-72.73,False,0.9
daily,2025-09-11 00:00:00,downloads,23,23.0,12.285714285714286,10.4,666.67,False,0.9
daily,2025-09-12 00:00:00,downloads,10,10.0,12.714285714285714,10.7,-56.52,False,0.9
daily,2025-09-14 00:00:00,downloads,6,6.0,13.285714285714286,9.333333333333334,-40.0,False,0.9
daily,2025-09-14 00:00:00,downloads,3,3.0,12.428571428571429,8.966666666666667,-50.0,False,0.9
daily,2025-09-16 00:00:00,downloads,1,1.0,8.142857142857142,8.966666666666667,-66.67,False,0.9
daily,2025-09-16 00:00:00,downloads,11,11.0,8.142857142857142,8.566666666666666,1000.0,False,0.9
daily,2025-09-17 00:00:00,downloads,22,22.0,10.857142857142858,9.266666666666667,100.0,False,0.9
daily,2025-09-18 00:00:00,downloads,1,1.0,7.714285714285714,9.233333333333333,-95.45,False,0.9
daily,2025-09-18 00:00:00,downloads,17,17.0,8.714285714285714,9.433333333333334,1600.0,False,0.9
daily,2025-09-19 00:00:00,downloads,10,10.0,9.285714285714286,9.6,-41.18,False,0.9
daily,2025-09-20 00:00:00,downloads,1,1.0,9.0,9.5,-90.0,False,0.9
daily,2025-09-20 00:00:00,downloads,1,1.0,9.0,9.066666666666666,0.0,False,0.9
daily,2025-09-21 00:00:00,downloads,197,36.0,35.57142857142857,15.3,3500.0,True,0.4
daily,2025-09-21 00:00:00,downloads,87,87.0,44.857142857142854,18.133333333333333,141.67,False,0.9
daily,2025-09-22 00:00:00,downloads,52,52.0,52.142857142857146,19.4,-40.23,False,0.9
daily,2025-09-22 00:00:00,downloads,22,22.0,52.857142857142854,19.866666666666667,-57.69,False,0.9
daily,2025-09-23 00:00:00,downloads,13,13.0,53.285714285714285,19.6,-40.91,False,0.9
daily,2025-09-23 00:00:00,downloads,99,99.0,67.28571428571429,22.833333333333332,661.54,False,0.9
daily,2025-09-24 00:00:00,downloads,6,6.0,68.0,22.933333333333334,-93.94,False,0.9
daily,2025-09-25 00:00:00,downloads,4,4.0,40.42857142857143,23.033333333333335,-33.33,False,0.9
daily,2025-09-26 00:00:00,downloads,27,27.0,31.857142857142858,23.366666666666667,575.0,False,0.9
daily,2025-09-26 00:00:00,downloads,1,1.0,24.571428571428573,22.7,-96.3,False,0.9
daily,2025-09-27 00:00:00,downloads,1,1.0,21.571428571428573,22.7,0.0,False,0.9
daily,2025-09-27 00:00:00,downloads,26,26.0,23.428571428571427,23.466666666666665,2500.0,False,0.9
daily,2025-09-28 00:00:00,downloads,1,1.0,9.428571428571429,23.266666666666666,-96.15,False,0.9
daily,2025-09-28 00:00:00,downloads,3,3.0,9.0,23.3,200.0,False,0.9
daily,2025-09-29 00:00:00,downloads,21,21.0,11.428571428571429,23.7,600.0,False,0.9
daily,2025-09-29 00:00:00,downloads,3,3.0,8.0,22.766666666666666,-85.71,False,0.9
daily,2025-09-30 00:00:00,downloads,19,19.0,10.571428571428571,23.033333333333335,533.33,False,0.9
daily,2025-10-01 00:00:00,downloads,30,30.0,14.714285714285714,23.933333333333334,57.89,False,0.9
daily,2025-10-01 00:00:00,downloads,7,7.0,12.0,23.4,-76.67,False,0.9
daily,2025-10-02 00:00:00,downloads,2,2.0,12.142857142857142,23.133333333333333,-71.43,False,0.9
daily,2025-10-02 00:00:00,downloads,4,4.0,12.285714285714286,23.066666666666666,100.0,False,0.9
daily,2025-10-03 00:00:00,downloads,2,2.0,9.571428571428571,23.033333333333335,-50.0,False,0.9
daily,2025-10-03 00:00:00,downloads,1,1.0,9.285714285714286,23.033333333333335,-50.0,False,0.9
daily,2025-10-05 00:00:00,downloads,3,3.0,7.0,22.766666666666666,200.0,False,0.9
daily,2025-10-06 00:00:00,downloads,16,5.0,5.0,22.566666666666666,66.67,True,0.4
daily,2025-10-07 00:00:00,downloads,12,12.0,5.714285714285714,22.933333333333334,140.0,False,0.9
daily,2025-10-08 00:00:00,downloads,2,2.0,5.714285714285714,22.433333333333334,-83.33,False,0.9
daily,2025-10-09 00:00:00,downloads,11,11.0,6.714285714285714,22.466666666666665,450.0,False,0.9
daily,2025-10-09 00:00:00,downloads,5,5.0,7.142857142857143,22.6,-54.55,False,0.9
daily,2025-10-11 00:00:00,downloads,22,22.0,10.142857142857142,23.3,340.0,False,0.9
daily,2025-10-12 00:00:00,downloads,3,3.0,10.142857142857142,16.833333333333332,-86.36,False,0.9
daily,2025-10-12 00:00:00,downloads,1,1.0,8.0,13.966666666666667,-66.67,False,0.9
daily,2025-10-13 00:00:00,downloads,2,2.0,6.571428571428571,12.3,100.0,False,0.9
daily,2025-10-14 00:00:00,downloads,1,1.0,6.428571428571429,11.6,-50.0,False,0.9
daily,2025-10-14 00:00:00,downloads,1,1.0,5.0,11.2,0.0,False,0.9
daily,2025-10-15 00:00:00,downloads,5,5.0,5.0,8.066666666666666,400.0,False,0.9
daily,2025-10-15 00:00:00,downloads,17,4.0,4.285714285714286,8.433333333333334,-20.0,True,0.4
daily,2025-10-16 00:00:00,downloads,15,15.0,6.0,8.8,275.0,False,0.9
daily,2025-10-17 00:00:00,downloads,4,4.0,6.428571428571429,8.033333333333333,-73.33,False,0.9
daily,2025-10-18 00:00:00,downloads,4,4.0,6.714285714285714,8.133333333333333,0.0,False,0.9
daily,2025-10-18 00:00:00,downloads,2,2.0,6.857142857142857,8.166666666666666,-50.0,False,0.9
daily,2025-10-20 00:00:00,downloads,1,1.0,6.857142857142857,7.333333333333333,-50.0,False,0.9
daily,2025-10-20 00:00:00,downloads,1,1.0,6.285714285714286,7.333333333333333,0.0,False,0.9
daily,2025-10-21 00:00:00,downloads,5,5.0,4.571428571428571,7.4,400.0,False,0.9
daily,2025-10-21 00:00:00,downloads,3,3.0,2.857142857142857,6.8,-40.0,False,0.9
daily,2025-10-22 00:00:00,downloads,12,4.0,4.0,7.1,33.33,True,0.4
daily,2025-10-23 00:00:00,downloads,2,2.0,3.7142857142857144,6.533333333333333,-50.0,False,0.9
daily,2025-10-23 00:00:00,downloads,14,5.0,5.428571428571429,6.0,150.0,True,0.4
daily,2025-10-25 00:00:00,downloads,16,16.0,7.571428571428571,6.3,220.0,False,0.9
daily,2025-10-26 00:00:00,downloads,4,4.0,8.0,6.366666666666666,-75.0,False,0.9
daily,2025-10-26 00:00:00,downloads,3,3.0,7.714285714285714,6.333333333333333,-25.0,False,0.9
daily,2025-10-27 00:00:00,downloads,4,4.0,7.857142857142857,6.4,33.33,False,0.9
daily,2025-10-27 00:00:00,downloads,4,4.0,6.714285714285714,6.5,0.0,False,0.9
daily,2025-10-28 00:00:00,downloads,1,1.0,6.571428571428571,6.433333333333334,-75.0,False,0.9
daily,2025-10-28 00:00:00,downloads,1,1.0,4.714285714285714,5.933333333333334,0.0,False,0.9
daily,2025-10-29 00:00:00,downloads,2,2.0,2.7142857142857144,5.6,100.0,False,0.9
daily,2025-10-29 00:00:00,downloads,2,2.0,2.4285714285714284,5.6,0.0,False,0.9
daily,2025-10-30 00:00:00,downloads,1,1.0,2.142857142857143,5.266666666666667,-50.0,False,0.9
daily,2025-10-30 00:00:00,downloads,1,1.0,1.7142857142857142,5.133333333333334,0.0,False,0.9
daily,2025-10-31 00:00:00,downloads,17,4.0,3.5714285714285716,4.966666666666667,300.0,True,0.4
daily,2025-10-31 00:00:00,downloads,4,4.0,4.0,5.0,0.0,False,0.9
daily,2025-11-01 00:00:00,downloads,2,2.0,4.142857142857143,5.033333333333333,-50.0,False,0.9
daily,2025-11-01 00:00:00,downloads,9,9.0,5.142857142857143,5.266666666666667,350.0,False,0.9
daily,2025-11-02 00:00:00,downloads,16,16.0,7.142857142857143,5.766666666666667,77.78,False,0.9
daily,2025-11-04 00:00:00,downloads,38,12.0,12.428571428571429,7.0,-25.0,True,0.4
daily,2025-11-04 00:00:00,downloads,2,2.0,12.571428571428571,6.9,-83.33,False,0.9
daily,2025-11-05 00:00:00,downloads,11,11.0,11.714285714285714,6.7,450.0,False,0.9
daily,2025-11-06 00:00:00,downloads,1,1.0,11.285714285714286,6.233333333333333,-90.91,False,0.9
daily,2025-11-06 00:00:00,downloads,2,2.0,11.285714285714286,6.166666666666667,100.0,False,0.9
daily,2025-11-08 00:00:00,downloads,12,12.0,11.714285714285714,6.433333333333334,500.0,False,0.9
daily,2025-11-09 00:00:00,downloads,1,1.0,9.571428571428571,6.4,-91.67,False,0.9
daily,2025-11-12 00:00:00,downloads,3,3.0,4.571428571428571,6.466666666666667,200.0,False,0.9
daily,2025-11-13 00:00:00,downloads,4,4.0,4.857142857142857,6.566666666666666,33.33,False,0.9
daily,2025-11-13 00:00:00,downloads,8,8.0,4.428571428571429,6.666666666666667,100.0,False,0.9
daily,2025-11-14 00:00:00,downloads,14,14.0,6.285714285714286,7.033333333333333,75.0,False,0.9
daily,2025-11-15 00:00:00,downloads,6,6.0,6.857142857142857,6.833333333333333,-57.14,False,0.9
daily,2025-11-16 00:00:00,downloads,24,9.0,8.571428571428571,7.566666666666666,50.0,True,0.4
daily,2025-11-17 00:00:00,downloads,36,14.0,13.571428571428571,8.3,55.56,True,0.4
daily,2025-11-18 00:00:00,downloads,20,20.0,16.0,8.433333333333334,42.86,False,0.9
daily,2025-11-18 00:00:00,downloads,2,2.0,15.714285714285714,8.366666666666667,-90.0,False,0.9
daily,2025-11-19 00:00:00,downloads,1,1.0,14.714285714285714,8.3,-50.0,False,0.9
daily,2025-11-19 00:00:00,downloads,3,3.0,13.142857142857142,8.266666666666667,200.0,False,0.9
daily,2025-11-21 00:00:00,downloads,2,2.0,12.571428571428571,8.2,-33.33,False,0.9
daily,2025-11-22 00:00:00,downloads,2,2.0,9.428571428571429,8.233333333333333,0.0,False,0.9
daily,2025-11-25 00:00:00,downloads,6,6.0,5.142857142857143,8.4,200.0,False,0.9
daily,2025-11-26 00:00:00,downloads,1,1.0,2.4285714285714284,8.366666666666667,-83.33,False,0.9
daily,2025-11-26 00:00:00,downloads,3,3.0,2.5714285714285716,8.4,200.0,False,0.9
daily,2025-11-30 00:00:00,downloads,4,4.0,3.0,8.5,33.33,False,0.9
daily,2025-12-02 00:00:00,downloads,12,4.0,4.285714285714286,8.866666666666667,0.0,True,0.4
daily,2025-12-03 00:00:00,downloads,6,6.0,4.857142857142857,8.5,50.0,False,0.9
daily,2025-12-04 00:00:00,downloads,1,1.0,4.714285714285714,8.4,-83.33,False,0.9
daily,2025-12-04 00:00:00,downloads,1,1.0,4.0,8.366666666666667,0.0,False,0.9
daily,2025-12-05 00:00:00,downloads,2,2.0,4.142857142857143,8.133333333333333,100.0,False,0.9
daily,2025-12-05 00:00:00,downloads,2,2.0,4.0,7.666666666666667,0.0,False,0.9
daily,2025-12-06 00:00:00,downloads,3,3.0,3.857142857142857,6.5,50.0,False,0.9
daily,2025-12-06 00:00:00,downloads,35,7.0,7.142857142857143,7.6,133.33,True,0.4
daily,2025-12-07 00:00:00,downloads,1,1.0,6.428571428571429,7.266666666666667,-85.71,False,0.9
daily,2025-12-07 00:00:00,downloads,37,12.0,11.571428571428571,8.466666666666667,1100.0,True,0.4
daily,2025-12-08 00:00:00,downloads,4,4.0,12.0,8.533333333333333,-66.67,False,0.9
daily,2025-12-08 00:00:00,downloads,2,2.0,12.0,8.2,-50.0,False,0.9
daily,2025-12-09 00:00:00,downloads,2,2.0,12.0,8.233333333333333,0.0,False,0.9
daily,2025-12-09 00:00:00,downloads,2,2.0,11.857142857142858,8.2,0.0,False,0.9
daily,2025-12-10 00:00:00,downloads,7,7.0,7.857142857142857,8.3,250.0,False,0.9
daily,2025-12-10 00:00:00,downloads,1,1.0,7.857142857142857,8.066666666666666,-85.71,False,0.9
daily,2025-12-11 00:00:00,downloads,13,4.0,4.428571428571429,8.033333333333333,300.0,True,0.4
daily,2025-12-12 00:00:00,downloads,17,6.0,6.285714285714286,8.4,50.0,True,0.4
daily,2025-12-12 00:00:00,downloads,2,2.0,6.285714285714286,7.666666666666667,-66.67,False,0.9
daily,2025-12-13 00:00:00,downloads,8,8.0,7.142857142857143,6.733333333333333,300.0,False,0.9
daily,2025-12-14 00:00:00,downloads,5,5.0,7.571428571428571,6.233333333333333,-37.5,False,0.9
daily,2025-12-15 00:00:00,downloads,2,2.0,6.857142857142857,6.233333333333333,-60.0,False,0.9
daily,2025-12-16 00:00:00,downloads,4,4.0,7.285714285714286,6.333333333333333,100.0,False,0.9
daily,2025-12-17 00:00:00,downloads,1,1.0,5.571428571428571,6.266666666666667,-75.0,False,0.9
daily,2025-12-17 00:00:00,downloads,1,1.0,3.2857142857142856,6.233333333333333,0.0,False,0.9
daily,2025-12-18 00:00:00,downloads,16,5.0,5.285714285714286,6.7,400.0,True,0.4
daily,2025-12-19 00:00:00,downloads,20,7.0,7.0,7.166666666666667,40.0,True,0.4
daily,2025-12-19 00:00:00,downloads,2,2.0,6.571428571428571,7.2,-71.43,False,0.9
daily,2025-12-20 00:00:00,downloads,24,24.0,9.714285714285714,7.9,1100.0,False,0.9
daily,2025-12-20 00:00:00,downloads,12,12.0,10.857142857142858,8.166666666666666,-50.0,False,0.9
daily,2025-12-21 00:00:00,downloads,21,21.0,13.714285714285714,8.466666666666667,75.0,False,0.9
daily,2025-12-21 00:00:00,downloads,15,15.0,15.714285714285714,8.766666666666667,-28.57,False,0.9
daily,2025-12-22 00:00:00,downloads,12,12.0,15.142857142857142,9.133333333333333,-20.0,False,0.9
daily,2025-12-24 00:00:00,downloads,2,2.0,12.571428571428571,9.166666666666666,-83.33,False,0.9
daily,2025-12-25 00:00:00,downloads,12,12.0,14.0,9.5,500.0,False,0.9
daily,2025-12-26 00:00:00,downloads,2,2.0,10.857142857142858,9.5,-83.33,False,0.9
daily,2025-12-26 00:00:00,downloads,2,2.0,9.428571428571429,9.466666666666667,0.0,False,0.9
daily,2025-12-27 00:00:00,downloads,2,2.0,6.714285714285714,8.366666666666667,0.0,False,0.9
daily,2025-12-27 00:00:00,downloads,1,1.0,4.714285714285714,8.366666666666667,-50.0,False,0.9
daily,2025-12-28 00:00:00,downloads,1,1.0,3.142857142857143,7.166666666666667,0.0,False,0.9
daily,2025-12-30 00:00:00,downloads,494,73.0,73.42857142857143,23.5,7200.0,True,0.4
daily,2025-12-30 00:00:00,downloads,159,159.0,94.42857142857143,28.733333333333334,117.81,False,0.9
daily,2025-12-31 00:00:00,downloads,92,92.0,107.28571428571429,31.733333333333334,-42.14,False,0.9
daily,2025-12-31 00:00:00,downloads,7,7.0,108.0,31.9,-92.39,False,0.9
recent,,last_day,7,7.0,,,,,0.8
recent,,last_month,213,213.0,,,,,0.8
recent,,last_week,169,169.0,,,,,0.8
python_minor,2025-07-30,3.10,10,9.0,,,,,0.6
python_minor,2025-08-16,3.10,6,5.4,,,,,0.6
python_minor,2025-09-21,3.10,6,5.4,,,,,0.6
python_minor,2025-10-21,3.10,2,1.8,,,,,0.6
python_minor,2025-12-30,3.10,4,3.6,,,,,0.6
python_minor,2025-07-30,3.11,4,3.6,,,,,0.6
python_minor,2025-07-31,3.11,4,3.6,,,,,0.6
python_minor,2025-08-16,3.11,4,3.6,,,,,0.6
python_minor,2025-08-17,3.11,4,3.6,,,,,0.6
python_minor,2025-08-18,3.11,2,1.8,,,,,0.6
python_minor,2025-08-31,3.11,2,1.8,,,,,0.6
python_minor,2025-09-01,3.11,1,0.9,,,,,0.6
python_minor,2025-09-21,3.11,5,4.5,,,,,0.6
python_minor,2025-09-22,3.11,4,3.6,,,,,0.6
python_minor,2025-12-30,3.11,6,5.4,,,,,0.6
python_minor,2025-08-27,3.12,2,1.8,,,,,0.6
python_minor,2025-08-28,3.12,2,1.8,,,,,0.6
python_minor,2025-09-02,3.12,2,1.8,,,,,0.6
python_minor,2025-09-23,3.12,2,1.8,,,,,0.6
python_minor,2025-10-31,3.12,2,1.8,,,,,0.6
python_minor,2025-11-04,3.12,2,1.8,,,,,0.6
python_minor,2025-08-17,3.13,2,1.8,,,,,0.6
python_minor,2025-07-30,3.7,2,1.8,,,,,0.6
python_minor,2025-08-16,3.7,2,1.8,,,,,0.6
python_minor,2025-09-21,3.7,2,1.8,,,,,0.6
python_minor,2025-12-30,3.7,2,1.8,,,,,0.6
python_minor,2025-08-13,3.8,2,1.8,,,,,0.6
python_minor,2025-08-27,3.8,1,0.9,,,,,0.6
python_minor,2025-09-28,3.8,1,0.9,,,,,0.6
python_minor,2025-12-30,3.8,2,1.8,,,,,0.6
python_minor,2025-12-20,3.9,6,5.4,,,,,0.6
python_minor,2025-07-04,null,1,0.9,,,,,0.6
python_minor,2025-07-05,null,1,0.9,,,,,0.6
python_minor,2025-07-10,null,2,1.8,,,,,0.6
python_minor,2025-07-18,null,2,1.8,,,,,0.6
python_minor,2025-07-22,null,1,0.9,,,,,0.6
python_minor,2025-07-23,null,1,0.9,,,,,0.6
python_minor,2025-07-28,null,5,4.5,,,,,0.6
python_minor,2025-07-30,null,109,98.10000000000001,,,,,0.6
python_minor,2025-07-31,null,35,31.5,,,,,0.6
python_minor,2025-08-04,null,8,7.2,,,,,0.6
python_minor,2025-08-05,null,2,1.8,,,,,0.6
python_minor,2025-08-07,null,8,7.2,,,,,0.6
python_minor,2025-08-09,null,6,5.4,,,,,0.6
python_minor,2025-08-10,null,3,2.7,,,,,0.6
python_minor,2025-08-11,null,1,0.9,,,,,0.6
python_minor,2025-08-13,null,4,3.6,,,,,0.6
python_minor,2025-08-16,null,63,56.7,,,,,0.6
python_minor,2025-08-17,null,9,8.1,,,,,0.6
python_minor,2025-08-18,null,3,2.7,,,,,0.6
python_minor,2025-08-19,null,2,1.8,,,,,0.6
python_minor,2025-08-21,null,2,1.8,,,,,0.6
python_minor,2025-08-22,null,1,0.9,,,,,0.6
python_minor,2025-08-24,null,1,0.9,,,,,0.6
python_minor,2025-08-27,null,2,1.8,,,,,0.6
python_minor,2025-08-28,null,2,1.8,,,,,0.6
python_minor,2025-09-01,null,7,6.3,,,,,0.6
python_minor,2025-09-06,null,1,0.9,,,,,0.6
python_minor,2025-09-07,null,3,2.7,,,,,0.6
python_minor,2025-09-10,null,11,9.9,,,,,0.6
python_minor,2025-09-11,null,3,2.7,,,,,0.6
python_minor,2025-09-14,null,3,2.7,,,,,0.6
python_minor,2025-09-16,null,1,0.9,,,,,0.6
python_minor,2025-09-18,null,1,0.9,,,,,0.6
python_minor,2025-09-20,null,1,0.9,,,,,0.6
python_minor,2025-09-21,null,74,66.60000000000001,,,,,0.6
python_minor,2025-09-22,null,18,16.2,,,,,0.6
python_minor,2025-09-23,null,11,9.9,,,,,0.6
python_minor,2025-09-26,null,1,0.9,,,,,0.6
python_minor,2025-09-27,null,1,0.9,,,,,0.6
python_minor,2025-09-29,null,3,2.7,,,,,0.6
python_minor,2025-10-01,null,7,6.3,,,,,0.6
python_minor,2025-10-02,null,2,1.8,,,,,0.6
python_minor,2025-10-03,null,1,0.9,,,,,0.6
python_minor,2025-10-09,null,5,4.5,,,,,0.6
python_minor,2025-10-12,null,1,0.9,,,,,0.6
python_minor,2025-10-14,null,1,0.9,,,,,0.6
python_minor,2025-10-15,null,5,4.5,,,,,0.6
python_minor,2025-10-18,null,2,1.8,,,,,0.6
python_minor,2025-10-20,null,1,0.9,,,,,0.6
python_minor,2025-10-21,null,1,0.9,,,,,0.6
python_minor,2025-10-23,null,2,1.8,,,,,0.6
python_minor,2025-10-26,null,3,2.7,,,,,0.6
python_minor,2025-10-27,null,4,3.6,,,,,0.6
python_minor,2025-10-28,null,1,0.9,,,,,0.6
python_minor,2025-10-29,null,2,1.8,,,,,0.6
python_minor,2025-10-30,null,1,0.9,,,,,0.6
python_minor,2025-10-31,null,2,1.8,,,,,0.6
python_minor,2025-11-01,null,2,1.8,,,,,0.6
python_minor,2025-11-06,null,1,0.9,,,,,0.6
python_minor,2025-11-13,null,4,3.6,,,,,0.6
python_minor,2025-11-18,null,2,1.8,,,,,0.6
python_minor,2025-11-19,null,1,0.9,,,,,0.6
python_minor,2025-11-26,null,1,0.9,,,,,0.6
python_minor,2025-12-04,null,1,0.9,,,,,0.6
python_minor,2025-12-05,null,2,1.8,,,,,0.6
python_minor,2025-12-06,null,3,2.7,,,,,0.6
python_minor,2025-12-07,null,1,0.9,,,,,0.6
python_minor,2025-12-08,null,2,1.8,,,,,0.6
python_minor,2025-12-09,null,2,1.8,,,,,0.6
python_minor,2025-12-10,null,1,0.9,,,,,0.6
python_minor,2025-12-12,null,2,1.8,,,,,0.6
python_minor,2025-12-17,null,1,0.9,,,,,0.6
python_minor,2025-12-19,null,2,1.8,,,,,0.6
python_minor,2025-12-20,null,6,5.4,,,,,0.6
python_minor,2025-12-21,null,15,13.5,,,,,0.6
python_minor,2025-12-26,null,2,1.8,,,,,0.6
python_minor,2025-12-27,null,1,0.9,,,,,0.6
python_minor,2025-12-30,null,145,130.5,,,,,0.6
python_minor,2025-12-31,null,7,6.3,,,,,0.6
system,2025-07-30,Darwin,4,3.4,,,,,0.5
system,2025-07-31,Darwin,4,3.4,,,,,0.5
system,2025-08-16,Darwin,4,3.4,,,,,0.5
system,2025-08-17,Darwin,4,3.4,,,,,0.5
system,2025-09-21,Darwin,4,3.4,,,,,0.5
system,2025-09-22,Darwin,4,3.4,,,,,0.5
system,2025-12-30,Darwin,4,3.4,,,,,0.5
system,2025-07-30,Linux,10,8.5,,,,,0.5
system,2025-08-13,Linux,2,1.7,,,,,0.5
system,2025-08-16,Linux,8,6.8,,,,,0.5
system,2025-08-17,Linux,2,1.7,,,,,0.5
system,2025-08-18,Linux,2,1.7,,,,,0.5
system,2025-08-27,Linux,3,2.55,,,,,0.5
system,2025-08-28,Linux,2,1.7,,,,,0.5
system,2025-08-31,Linux,2,1.7,,,,,0.5
system,2025-09-01,Linux,1,0.85,,,,,0.5
system,2025-09-02,Linux,2,1.7,,,,,0.5
system,2025-09-21,Linux,9,7.6499999999999995,,,,,0.5
system,2025-09-28,Linux,1,0.85,,,,,0.5
system,2025-10-21,Linux,2,1.7,,,,,0.5
system,2025-10-31,Linux,2,1.7,,,,,0.5
system,2025-11-04,Linux,2,1.7,,,,,0.5
system,2025-12-20,Linux,6,5.1,,,,,0.5
system,2025-12-30,Linux,8,6.8,,,,,0.5
system,2025-07-30,Windows,2,1.7,,,,,0.5
system,2025-09-23,Windows,2,1.7,,,,,0.5
system,2025-12-30,Windows,2,1.7,,,,,0.5
system,2025-07-04,null,1,0.85,,,,,0.5
system,2025-07-05,null,1,0.85,,,,,0.5
system,2025-07-10,null,2,1.7,,,,,0.5
system,2025-07-18,null,2,1.7,,,,,0.5
system,2025-07-22,null,1,0.85,,,,,0.5
system,2025-07-23,null,1,0.85,,,,,0.5
system,2025-07-28,null,5,4.25,,,,,0.5
system,2025-07-30,null,109,92.64999999999999,,,,,0.5
system,2025-07-31,null,35,29.75,,,,,0.5
system,2025-08-04,null,8,6.8,,,,,0.5
system,2025-08-05,null,2,1.7,,,,,0.5
system,2025-08-07,null,8,6.8,,,,,0.5
system,2025-08-09,null,6,5.1,,,,,0.5
system,2025-08-10,null,3,2.55,,,,,0.5
system,2025-08-11,null,1,0.85,,,,,0.5
system,2025-08-13,null,4,3.4,,,,,0.5
system,2025-08-16,null,63,53.55,,,,,0.5
system,2025-08-17,null,9,7.6499999999999995,,,,,0.5
system,2025-08-18,null,3,2.55,,,,,0.5
system,2025-08-19,null,2,1.7,,,,,0.5
system,2025-08-21,null,2,1.7,,,,,0.5
system,2025-08-22,null,1,0.85,,,,,0.5
system,2025-08-24,null,1,0.85,,,,,0.5
system,2025-08-27,null,2,1.7,,,,,0.5
system,2025-08-28,null,2,1.7,,,,,0.5
system,2025-09-01,null,7,5.95,,,,,0.5
system,2025-09-06,null,1,0.85,,,,,0.5
system,2025-09-07,null,3,2.55,,,,,0.5
system,2025-09-10,null,11,9.35,,,,,0.5
system,2025-09-11,null,3,2.55,,,,,0.5
system,2025-09-14,null,3,2.55,,,,,0.5
system,2025-09-16,null,1,0.85,,,,,0.5
system,2025-09-18,null,1,0.85,,,,,0.5
system,2025-09-20,null,1,0.85,,,,,0.5
system,2025-09-21,null,74,62.9,,,,,0.5
system,2025-09-22,null,18,15.299999999999999,,,,,0.5
system,2025-09-23,null,11,9.35,,,,,0.5
system,2025-09-26,null,1,0.85,,,,,0.5
system,2025-09-27,null,1,0.85,,,,,0.5
system,2025-09-29,null,3,2.55,,,,,0.5
system,2025-10-01,null,7,5.95,,,,,0.5
system,2025-10-02,null,2,1.7,,,,,0.5
system,2025-10-03,null,1,0.85,,,,,0.5
system,2025-10-09,null,5,4.25,,,,,0.5
system,2025-10-12,null,1,0.85,,,,,0.5
system,2025-10-14,null,1,0.85,,,,,0.5
system,2025-10-15,null,5,4.25,,,,,0.5
system,2025-10-18,null,2,1.7,,,,,0.5
system,2025-10-20,null,1,0.85,,,,,0.5
system,2025-10-21,null,1,0.85,,,,,0.5
system,2025-10-23,null,2,1.7,,,,,0.5
system,2025-10-26,null,3,2.55,,,,,0.5
system,2025-10-27,null,4,3.4,,,,,0.5
system,2025-10-28,null,1,0.85,,,,,0.5
system,2025-10-29,null,2,1.7,,,,,0.5
system,2025-10-30,null,1,0.85,,,,,0.5
system,2025-10-31,null,2,1.7,,,,,0.5
system,2025-11-01,null,2,1.7,,,,,0.5
system,2025-11-06,null,1,0.85,,,,,0.5
system,2025-11-13,null,4,3.4,,,,,0.5
system,2025-11-18,null,2,1.7,,,,,0.5
system,2025-11-19,null,1,0.85,,,,,0.5
system,2025-11-26,null,1,0.85,,,,,0.5
system,2025-12-04,null,1,0.85,,,,,0.5
system,2025-12-05,null,2,1.7,,,,,0.5
system,2025-12-06,null,3,2.55,,,,,0.5
system,2025-12-07,null,1,0.85,,,,,0.5
system,2025-12-08,null,2,1.7,,,,,0.5
system,2025-12-09,null,2,1.7,,,,,0.5
system,2025-12-10,null,1,0.85,,,,,0.5
system,2025-12-12,null,2,1.7,,,,,0.5
system,2025-12-17,null,1,0.85,,,,,0.5
system,2025-12-19,null,2,1.7,,,,,0.5
system,2025-12-20,null,6,5.1,,,,,0.5
system,2025-12-21,null,15,12.75,,,,,0.5
system,2025-12-26,null,2,1.7,,,,,0.5
system,2025-12-27,null,1,0.85,,,,,0.5
system,2025-12-30,null,145,123.25,,,,,0.5
system,2025-12-31,null,7,5.95,,,,,0.5
